p10,p25,p50,p75,p90,metric,comid,result_type,source2,ReportingNode,Scenario
0.2567,0.3014,0.404675,0.5160875,0.6597,DS_Mag_50,22514974,observed,SUSTAIN_Junction_20,F300,Baseline_WRP0_UBF0
7.329575,9.9922375,11.41575,12.021275,14.663275,DS_Mag_50,22514974,observed,SUSTAIN_Junction_20,F300,Baseline_WRP0_UBF100
4.1865,5.701875,5.865525,6.3494625,7.7609,DS_Mag_50,22514974,observed,SUSTAIN_Junction_20,F300,Baseline_WRP0_UBF50
42.35235,43.503125,45.132425,46.8741125,47.7413,DS_Mag_50,22514974,observed,SUSTAIN_Junction_20,F300,Baseline_WRP100_UBF0
51.177525,53.6973875,56.166175,59.00475,61.86145,DS_Mag_50,22514974,observed,SUSTAIN_Junction_20,F300,Baseline_WRP100_UBF100
46.857025,47.42075,50.67955,53.545425,54.577,DS_Mag_50,22514974,observed,SUSTAIN_Junction_20,F300,Baseline_WRP100_UBF50
21.362425,21.891525,22.968825,24.026475,24.29035,DS_Mag_50,22514974,observed,SUSTAIN_Junction_20,F300,Baseline_WRP50_UBF0
29.055475,31.8422375,33.42525,35.012725,37.87965,DS_Mag_50,22514974,observed,SUSTAIN_Junction_20,F300,Baseline_WRP50_UBF100
25.5446,26.7439125,28.21825,29.73875,31.58845,DS_Mag_50,22514974,observed,SUSTAIN_Junction_20,F300,Baseline_WRP50_UBF50
0.09583,0.167085,0.2764,0.447545,0.87882,Wet_BFL_Mag_10,22514974,observed,SUSTAIN_Junction_20,F300,Baseline_WRP0_UBF0
6.782545,12.2755525,17.595655,19.1856025,19.94448,Wet_BFL_Mag_10,22514974,observed,SUSTAIN_Junction_20,F300,Baseline_WRP0_UBF100
3.78949,6.588745,8.979455,10.0766925,10.846895,Wet_BFL_Mag_10,22514974,observed,SUSTAIN_Junction_20,F300,Baseline_WRP0_UBF50
38.55709,40.718245,43.75484,44.378085,45.8459,Wet_BFL_Mag_10,22514974,observed,SUSTAIN_Junction_20,F300,Baseline_WRP100_UBF0
50.625675,56.448335,59.206975,63.5052375,65.135895,Wet_BFL_Mag_10,22514974,observed,SUSTAIN_Junction_20,F300,Baseline_WRP100_UBF100
45.36522,49.4624175,51.91063,54.10088,56.01062,Wet_BFL_Mag_10,22514974,observed,SUSTAIN_Junction_20,F300,Baseline_WRP100_UBF50
19.42126,20.52609,22.35415,22.72727,23.3241,Wet_BFL_Mag_10,22514974,observed,SUSTAIN_Junction_20,F300,Baseline_WRP50_UBF0
29.43847,35.278615,41.52043,42.175,42.291175,Wet_BFL_Mag_10,22514974,observed,SUSTAIN_Junction_20,F300,Baseline_WRP50_UBF100
25.71122,28.553175,30.60445,33.1627175,33.639325,Wet_BFL_Mag_10,22514974,observed,SUSTAIN_Junction_20,F300,Baseline_WRP50_UBF50
3.07155,3.122625,3.184,3.261275,3.353175,DS_Mag_50,22518274,observed,SUSTAIN_Junction_31,F319,Baseline_WRP0_UBF0
47.70475,56.0909875,60.691725,61.506125,76.22605,DS_Mag_50,22518274,observed,SUSTAIN_Junction_31,F319,Baseline_WRP0_UBF100
25.5181,29.5698125,32.1192,32.4242125,39.8088,DS_Mag_50,22518274,observed,SUSTAIN_Junction_31,F319,Baseline_WRP0_UBF50
63.8884,65.8933,69.6036,74.698475,77.18125,DS_Mag_50,22518274,observed,SUSTAIN_Junction_31,F319,Baseline_WRP100_UBF0
117.99725,122.54115,124.404975,131.8096125,141.4164,DS_Mag_50,22518274,observed,SUSTAIN_Junction_31,F319,Baseline_WRP100_UBF100
95.30105,96.360275,98.15805,103.7720125,105.349925,DS_Mag_50,22518274,observed,SUSTAIN_Junction_31,F319,Baseline_WRP100_UBF50
33.54105,34.4441125,36.266425,38.915575,40.37015,DS_Mag_50,22518274,observed,SUSTAIN_Junction_31,F319,Baseline_WRP50_UBF0
82.46995,88.991275,92.669625,96.445475,108.445525,DS_Mag_50,22518274,observed,SUSTAIN_Junction_31,F319,Baseline_WRP50_UBF100
60.67305,62.6819375,63.61855,67.5727125,72.4761,DS_Mag_50,22518274,observed,SUSTAIN_Junction_31,F319,Baseline_WRP50_UBF50
3.17593,3.2255925,3.35618,4.7194,6.129965,Wet_BFL_Mag_10,22518274,observed,SUSTAIN_Junction_31,F319,Baseline_WRP0_UBF0
47.38589,52.7473775,59.722805,75.89717,81.866485,Wet_BFL_Mag_10,22518274,observed,SUSTAIN_Junction_31,F319,Baseline_WRP0_UBF100
25.906315,28.97122,33.11327,40.70151,43.44447,Wet_BFL_Mag_10,22518274,observed,SUSTAIN_Junction_31,F319,Baseline_WRP0_UBF50
67.451795,70.35186,75.903955,76.80113,78.93757,Wet_BFL_Mag_10,22518274,observed,SUSTAIN_Junction_31,F319,Baseline_WRP100_UBF0
117.584475,120.999595,132.11782,151.910935,157.67299,Wet_BFL_Mag_10,22518274,observed,SUSTAIN_Junction_31,F319,Baseline_WRP100_UBF100
93.550645,96.605075,104.616535,113.6396925,117.659995,Wet_BFL_Mag_10,22518274,observed,SUSTAIN_Junction_31,F319,Baseline_WRP100_UBF50
35.491225,36.8759525,40.15587,41.01709,42.22793,Wet_BFL_Mag_10,22518274,observed,SUSTAIN_Junction_31,F319,Baseline_WRP50_UBF0
84.225835,88.132045,96.18584,112.090965,118.02741,Wet_BFL_Mag_10,22518274,observed,SUSTAIN_Junction_31,F319,Baseline_WRP50_UBF100
60.462465,62.95488,68.81073,77.416575,80.93752,Wet_BFL_Mag_10,22518274,observed,SUSTAIN_Junction_31,F319,Baseline_WRP50_UBF50
3.042175,3.0797625,3.1564,3.1913,3.265,DS_Mag_50,22518268,observed,SUSTAIN_Junction_27,F34D,Baseline_WRP0_UBF0
46.042875,54.660725,57.66485,60.39425,75.3588,DS_Mag_50,22518268,observed,SUSTAIN_Junction_27,F34D,Baseline_WRP0_UBF100
27.7428,28.7758,30.376025,31.8817875,39.36545,DS_Mag_50,22518268,observed,SUSTAIN_Junction_27,F34D,Baseline_WRP0_UBF50
63.80965,65.813225,69.52585,74.828775,77.149425,DS_Mag_50,22518268,observed,SUSTAIN_Junction_27,F34D,Baseline_WRP100_UBF0
116.6896,122.1868375,124.1452,127.01995,137.9859,DS_Mag_50,22518268,observed,SUSTAIN_Junction_27,F34D,Baseline_WRP100_UBF100
94.298,94.9192,96.34295,100.203825,103.26125,DS_Mag_50,22518268,observed,SUSTAIN_Junction_27,F34D,Baseline_WRP100_UBF50
33.43775,34.367775,36.22615,38.919725,40.232625,DS_Mag_50,22518268,observed,SUSTAIN_Junction_27,F34D,Baseline_WRP50_UBF0
81.19245,88.58,90.9086,92.89715,106.21425,DS_Mag_50,22518268,observed,SUSTAIN_Junction_27,F34D,Baseline_WRP50_UBF100
60.972175,62.4762,63.52295,64.9463875,70.546025,DS_Mag_50,22518268,observed,SUSTAIN_Junction_27,F34D,Baseline_WRP50_UBF50
3.08271,3.139735,3.34933,3.902515,4.81857,Wet_BFL_Mag_10,22518268,observed,SUSTAIN_Junction_27,F34D,Baseline_WRP0_UBF0
44.23229,46.54769,51.797505,58.43437,67.23418,Wet_BFL_Mag_10,22518268,observed,SUSTAIN_Junction_27,F34D,Baseline_WRP0_UBF100
24.79307,26.554585,28.19358,31.5179975,35.87267,Wet_BFL_Mag_10,22518268,observed,SUSTAIN_Junction_27,F34D,Baseline_WRP0_UBF50
67.228785,69.9579775,75.04606,76.77187,78.04982,Wet_BFL_Mag_10,22518268,observed,SUSTAIN_Junction_27,F34D,Baseline_WRP100_UBF0
116.140105,116.5400425,119.95208,132.224505,143.301905,Wet_BFL_Mag_10,22518268,observed,SUSTAIN_Junction_27,F34D,Baseline_WRP100_UBF100
92.43478,93.9171525,99.593765,105.15739,110.930945,Wet_BFL_Mag_10,22518268,observed,SUSTAIN_Junction_27,F34D,Baseline_WRP100_UBF50
35.249315,36.797465,39.79019,40.1550875,40.94888,Wet_BFL_Mag_10,22518268,observed,SUSTAIN_Junction_27,F34D,Baseline_WRP50_UBF0
82.52484,85.3276175,87.971025,95.5774825,105.4162,Wet_BFL_Mag_10,22518268,observed,SUSTAIN_Junction_27,F34D,Baseline_WRP50_UBF100
59.95349,61.0312625,63.66475,67.984275,73.69426,Wet_BFL_Mag_10,22518268,observed,SUSTAIN_Junction_27,F34D,Baseline_WRP50_UBF50
0.0149,0.02,0.025,0.045,0.06,DS_Mag_50,22518270,observed,SUSTAIN_Junction_29,F45B,Baseline_WRP0_UBF0
0.0149,0.02,0.025,0.045,0.06,DS_Mag_50,22518270,observed,SUSTAIN_Junction_29,F45B,Baseline_WRP0_UBF100
0.0149,0.02,0.025,0.045,0.06,DS_Mag_50,22518270,observed,SUSTAIN_Junction_29,F45B,Baseline_WRP0_UBF50
0.0149,0.02,0.025,0.045,0.06,DS_Mag_50,22518270,observed,SUSTAIN_Junction_29,F45B,Baseline_WRP100_UBF0
0.0149,0.02,0.025,0.045,0.06,DS_Mag_50,22518270,observed,SUSTAIN_Junction_29,F45B,Baseline_WRP100_UBF100
0.0149,0.02,0.025,0.045,0.06,DS_Mag_50,22518270,observed,SUSTAIN_Junction_29,F45B,Baseline_WRP100_UBF50
0.0149,0.02,0.025,0.045,0.06,DS_Mag_50,22518270,observed,SUSTAIN_Junction_29,F45B,Baseline_WRP50_UBF0
0.0149,0.02,0.025,0.045,0.06,DS_Mag_50,22518270,observed,SUSTAIN_Junction_29,F45B,Baseline_WRP50_UBF100
0.0149,0.02,0.025,0.045,0.06,DS_Mag_50,22518270,observed,SUSTAIN_Junction_29,F45B,Baseline_WRP50_UBF50
0,0.00421,0.01842,0.05513,0.402275,Wet_BFL_Mag_10,22518270,observed,SUSTAIN_Junction_29,F45B,Baseline_WRP0_UBF0
0,0.00421,0.01842,0.05513,0.402275,Wet_BFL_Mag_10,22518270,observed,SUSTAIN_Junction_29,F45B,Baseline_WRP0_UBF100
0,0.00421,0.01842,0.05513,0.402275,Wet_BFL_Mag_10,22518270,observed,SUSTAIN_Junction_29,F45B,Baseline_WRP0_UBF50
0,0.00421,0.01842,0.05513,0.402275,Wet_BFL_Mag_10,22518270,observed,SUSTAIN_Junction_29,F45B,Baseline_WRP100_UBF0
0,0.00421,0.01842,0.05513,0.402275,Wet_BFL_Mag_10,22518270,observed,SUSTAIN_Junction_29,F45B,Baseline_WRP100_UBF100
0,0.00421,0.01842,0.05513,0.402275,Wet_BFL_Mag_10,22518270,observed,SUSTAIN_Junction_29,F45B,Baseline_WRP100_UBF50
0,0.00421,0.01842,0.05513,0.402275,Wet_BFL_Mag_10,22518270,observed,SUSTAIN_Junction_29,F45B,Baseline_WRP50_UBF0
0,0.00421,0.01842,0.05513,0.402275,Wet_BFL_Mag_10,22518270,observed,SUSTAIN_Junction_29,F45B,Baseline_WRP50_UBF100
0,0.00421,0.01842,0.05513,0.402275,Wet_BFL_Mag_10,22518270,observed,SUSTAIN_Junction_29,F45B,Baseline_WRP50_UBF50
3.041175,3.0782625,3.15145,3.1880375,3.2618,DS_Mag_50,22515824,observed,SUSTAIN_Junction_25,F57C,Baseline_WRP0_UBF0
14.596925,17.184475,17.8834,18.624625,22.41585,DS_Mag_50,22515824,observed,SUSTAIN_Junction_25,F57C,Baseline_WRP0_UBF100
8.91615,10.2711,10.62455,10.943125,12.849925,DS_Mag_50,22515824,observed,SUSTAIN_Junction_25,F57C,Baseline_WRP0_UBF50
63.63345,65.769775,69.4768,74.80075,76.116325,DS_Mag_50,22515824,observed,SUSTAIN_Junction_25,F57C,Baseline_WRP100_UBF0
74.666375,77.1605875,84.67385,88.806225,92.46415,DS_Mag_50,22515824,observed,SUSTAIN_Junction_25,F57C,Baseline_WRP100_UBF100
69.1685,70.75935,76.7621,81.6167875,84.122225,DS_Mag_50,22515824,observed,SUSTAIN_Junction_25,F57C,Baseline_WRP100_UBF50
33.35635,34.3248625,36.222375,38.9198,40.20375,DS_Mag_50,22515824,observed,SUSTAIN_Junction_25,F57C,Baseline_WRP50_UBF0
44.467425,47.232375,51.54115,52.8964625,56.7824,DS_Mag_50,22515824,observed,SUSTAIN_Junction_25,F57C,Baseline_WRP50_UBF100
38.83345,40.146325,43.70725,45.9908875,48.470275,DS_Mag_50,22515824,observed,SUSTAIN_Junction_25,F57C,Baseline_WRP50_UBF50
3.06422,3.1065,3.33836,3.612805,3.995405,Wet_BFL_Mag_10,22515824,observed,SUSTAIN_Junction_25,F57C,Baseline_WRP0_UBF0
10.84917,15.2621675,23.258035,26.7932625,33.544945,Wet_BFL_Mag_10,22515824,observed,SUSTAIN_Junction_25,F57C,Baseline_WRP0_UBF100
7.0747,9.73348,14.89128,16.083995,19.37654,Wet_BFL_Mag_10,22515824,observed,SUSTAIN_Junction_25,F57C,Baseline_WRP0_UBF50
66.973585,69.6917525,74.38759,76.70886,77.31128,Wet_BFL_Mag_10,22515824,observed,SUSTAIN_Junction_25,F57C,Baseline_WRP100_UBF0
76.94517,81.676775,94.4109,100.937935,107.474015,Wet_BFL_Mag_10,22515824,observed,SUSTAIN_Junction_25,F57C,Baseline_WRP100_UBF100
72.681245,77.239525,86.66441,88.999395,93.38527,Wet_BFL_Mag_10,22515824,observed,SUSTAIN_Junction_25,F57C,Baseline_WRP100_UBF50
35.0006,36.655155,39.35394,40.082205,40.51332,Wet_BFL_Mag_10,22515824,observed,SUSTAIN_Junction_25,F57C,Baseline_WRP50_UBF0
44.284215,48.9348375,60.948135,63.6072375,68.612335,Wet_BFL_Mag_10,22515824,observed,SUSTAIN_Junction_25,F57C,Baseline_WRP50_UBF100
40.153135,43.6409575,51.472955,52.1794275,55.28616,Wet_BFL_Mag_10,22515824,observed,SUSTAIN_Junction_25,F57C,Baseline_WRP50_UBF50
0.08465,0.1131,0.163075,0.1930625,0.34235,DS_Mag_50,22515824,observed,SUSTAIN_Junction_23,GLEN,Baseline_WRP0_UBF0
10.037075,11.72955,14.140325,14.4253375,18.7391,DS_Mag_50,22515824,observed,SUSTAIN_Junction_23,GLEN,Baseline_WRP0_UBF100
5.9588,7.3401625,7.735675,8.10445,9.9284,DS_Mag_50,22515824,observed,SUSTAIN_Junction_23,GLEN,Baseline_WRP0_UBF50
60.743325,62.731275,66.50475,71.83845,73.10385,DS_Mag_50,22515824,observed,SUSTAIN_Junction_23,GLEN,Baseline_WRP100_UBF0
72.56175,75.5420375,79.416275,84.67595,89.41335,DS_Mag_50,22515824,observed,SUSTAIN_Junction_23,GLEN,Baseline_WRP100_UBF100
66.337925,67.88785,73.818,78.6599,81.0349,DS_Mag_50,22515824,observed,SUSTAIN_Junction_23,GLEN,Baseline_WRP100_UBF50
30.4735,31.390025,33.2264,36.0787625,37.158075,DS_Mag_50,22515824,observed,SUSTAIN_Junction_23,GLEN,Baseline_WRP50_UBF0
41.59045,43.73485,46.152825,49.3586,53.841,DS_Mag_50,22515824,observed,SUSTAIN_Junction_23,GLEN,Baseline_WRP50_UBF100
35.92395,37.2345,40.82715,43.054575,45.36365,DS_Mag_50,22515824,observed,SUSTAIN_Junction_23,GLEN,Baseline_WRP50_UBF50
0.05185,0.07687,0.21371,0.34533,0.73988,Wet_BFL_Mag_10,22515824,observed,SUSTAIN_Junction_23,GLEN,Baseline_WRP0_UBF0
9.227455,14.395375,20.066805,23.571635,30.29767,Wet_BFL_Mag_10,22515824,observed,SUSTAIN_Junction_23,GLEN,Baseline_WRP0_UBF100
4.82159,7.8931975,11.619545,12.86688,16.13164,Wet_BFL_Mag_10,22515824,observed,SUSTAIN_Junction_23,GLEN,Baseline_WRP0_UBF50
65.81102,69.5186275,71.239615,73.67512,74.21729,Wet_BFL_Mag_10,22515824,observed,SUSTAIN_Junction_23,GLEN,Baseline_WRP100_UBF0
73.787665,78.562975,91.07635,97.701535,104.283515,Wet_BFL_Mag_10,22515824,observed,SUSTAIN_Junction_23,GLEN,Baseline_WRP100_UBF100
72.12427,78.01917,83.40359,85.80727,90.17592,Wet_BFL_Mag_10,22515824,observed,SUSTAIN_Junction_23,GLEN,Baseline_WRP100_UBF50
32.96821,35.195895,36.23481,36.906255,37.314215,Wet_BFL_Mag_10,22515824,observed,SUSTAIN_Junction_23,GLEN,Baseline_WRP50_UBF0
44.106475,50.105115,57.70955,60.48535,65.471325,Wet_BFL_Mag_10,22515824,observed,SUSTAIN_Junction_23,GLEN,Baseline_WRP50_UBF100
38.88308,43.2915875,48.330825,48.9780625,52.103745,Wet_BFL_Mag_10,22515824,observed,SUSTAIN_Junction_23,GLEN,Baseline_WRP50_UBF50
3.07155,3.122625,3.184,3.261275,3.353175,DS_Mag_50,22518274,observed,SUSTAIN_Junction_33,LA1,Baseline_WRP0_UBF0
47.70475,56.0909875,60.63075,61.4756375,76.22605,DS_Mag_50,22518274,observed,SUSTAIN_Junction_33,LA1,Baseline_WRP0_UBF100
25.52035,29.5698125,32.1192,32.4434125,39.8216,DS_Mag_50,22518274,observed,SUSTAIN_Junction_33,LA1,Baseline_WRP0_UBF50
63.8884,65.8933,69.6036,74.698475,77.1826,DS_Mag_50,22518274,observed,SUSTAIN_Junction_33,LA1,Baseline_WRP100_UBF0
117.99725,122.54115,124.404975,131.7319875,141.36465,DS_Mag_50,22518274,observed,SUSTAIN_Junction_33,LA1,Baseline_WRP100_UBF100
95.30105,96.360275,98.17445,103.78355,105.35215,DS_Mag_50,22518274,observed,SUSTAIN_Junction_33,LA1,Baseline_WRP100_UBF50
33.54105,34.4441125,36.266425,38.915575,40.37015,DS_Mag_50,22518274,observed,SUSTAIN_Junction_33,LA1,Baseline_WRP50_UBF0
82.513,88.991275,92.669625,96.60815,108.553975,DS_Mag_50,22518274,observed,SUSTAIN_Junction_33,LA1,Baseline_WRP50_UBF100
60.69045,62.6819375,63.61855,67.6353375,72.51785,DS_Mag_50,22518274,observed,SUSTAIN_Junction_33,LA1,Baseline_WRP50_UBF50
3.17593,3.2282025,3.3614,4.7194,6.129965,Wet_BFL_Mag_10,22518274,observed,SUSTAIN_Junction_33,LA1,Baseline_WRP0_UBF0
47.38589,52.748035,59.72412,74.7654275,80.354145,Wet_BFL_Mag_10,22518274,observed,SUSTAIN_Junction_33,LA1,Baseline_WRP0_UBF100
25.906315,28.97122,33.11327,40.70151,43.44447,Wet_BFL_Mag_10,22518274,observed,SUSTAIN_Junction_33,LA1,Baseline_WRP0_UBF50
67.451795,70.35186,75.903955,76.80113,78.93757,Wet_BFL_Mag_10,22518274,observed,SUSTAIN_Junction_33,LA1,Baseline_WRP100_UBF0
117.584475,120.999595,132.11782,151.910935,157.673785,Wet_BFL_Mag_10,22518274,observed,SUSTAIN_Junction_33,LA1,Baseline_WRP100_UBF100
93.550645,96.605075,104.616535,113.6396925,117.67252,Wet_BFL_Mag_10,22518274,observed,SUSTAIN_Junction_33,LA1,Baseline_WRP100_UBF50
35.491365,36.8759525,40.15587,41.01709,42.22793,Wet_BFL_Mag_10,22518274,observed,SUSTAIN_Junction_33,LA1,Baseline_WRP50_UBF0
84.225865,88.1327475,96.187155,113.96733,119.5564,Wet_BFL_Mag_10,22518274,observed,SUSTAIN_Junction_33,LA1,Baseline_WRP50_UBF100
60.462465,62.95488,68.81073,77.416575,80.93812,Wet_BFL_Mag_10,22518274,observed,SUSTAIN_Junction_33,LA1,Baseline_WRP50_UBF50
1.43055,1.4619375,1.5289,1.5593375,1.660725,DS_Mag_50,22515824,observed,SUSTAIN_Junction_24,LA11,Baseline_WRP0_UBF0
11.399425,13.1162375,15.674075,16.726925,20.6611,DS_Mag_50,22515824,observed,SUSTAIN_Junction_24,LA11,Baseline_WRP0_UBF100
7.30535,8.677825,9.04225,9.3742,11.2471,DS_Mag_50,22515824,observed,SUSTAIN_Junction_24,LA11,Baseline_WRP0_UBF50
62.1136,64.15215,67.835425,73.1937125,74.47295,DS_Mag_50,22515824,observed,SUSTAIN_Junction_24,LA11,Baseline_WRP100_UBF0
73.616675,76.4050125,80.7735,86.0385375,90.823675,DS_Mag_50,22515824,observed,SUSTAIN_Junction_24,LA11,Baseline_WRP100_UBF100
67.61025,69.1885,75.15765,80.005025,82.45875,DS_Mag_50,22515824,observed,SUSTAIN_Junction_24,LA11,Baseline_WRP100_UBF50
31.7535,32.714125,34.59755,37.3212,38.5438,DS_Mag_50,22515824,observed,SUSTAIN_Junction_24,LA11,Baseline_WRP50_UBF0
42.8887,45.0438,47.54535,50.701425,55.17955,DS_Mag_50,22515824,observed,SUSTAIN_Junction_24,LA11,Baseline_WRP50_UBF100
37.23925,38.564975,42.103925,44.3825,46.79135,DS_Mag_50,22515824,observed,SUSTAIN_Junction_24,LA11,Baseline_WRP50_UBF50
1.483075,1.561095,1.69861,1.864775,2.26601,Wet_BFL_Mag_10,22515824,observed,SUSTAIN_Junction_24,LA11,Baseline_WRP0_UBF0
10.704625,15.886085,21.552105,24.979285,31.75507,Wet_BFL_Mag_10,22515824,observed,SUSTAIN_Junction_24,LA11,Baseline_WRP0_UBF100
6.30842,9.37062,13.07929,14.368205,17.65274,Wet_BFL_Mag_10,22515824,observed,SUSTAIN_Junction_24,LA11,Baseline_WRP0_UBF50
67.25313,71.00284,72.69492,75.13466,75.69686,Wet_BFL_Mag_10,22515824,observed,SUSTAIN_Junction_24,LA11,Baseline_WRP100_UBF0
75.23357,79.971275,92.7343,99.258285,105.771195,Wet_BFL_Mag_10,22515824,observed,SUSTAIN_Junction_24,LA11,Baseline_WRP100_UBF100
73.626215,79.51002,84.69349,87.1814675,91.675185,Wet_BFL_Mag_10,22515824,observed,SUSTAIN_Junction_24,LA11,Baseline_WRP100_UBF50
34.44565,36.63696,37.64219,38.38498,38.806945,Wet_BFL_Mag_10,22515824,observed,SUSTAIN_Junction_24,LA11,Baseline_WRP50_UBF0
45.53371,51.5998225,59.212025,61.88886,66.90484,Wet_BFL_Mag_10,22515824,observed,SUSTAIN_Junction_24,LA11,Baseline_WRP50_UBF100
40.344795,44.7502625,49.779405,50.46775,53.586475,Wet_BFL_Mag_10,22515824,observed,SUSTAIN_Junction_24,LA11,Baseline_WRP50_UBF50
-0.050275,-0.003125,0.089275,0.1406125,0.2527,DS_Mag_50,22514960,observed,SUSTAIN_Junction_22,LA13,Baseline_WRP0_UBF0
9.9368,11.6534375,14.0347,14.359125,18.666275,DS_Mag_50,22514960,observed,SUSTAIN_Junction_22,LA13,Baseline_WRP0_UBF100
5.871125,7.2984125,7.6069,7.925775,9.83045,DS_Mag_50,22514960,observed,SUSTAIN_Junction_22,LA13,Baseline_WRP0_UBF50
48.25865,49.537875,51.784075,56.077175,57.092075,DS_Mag_50,22514960,observed,SUSTAIN_Junction_22,LA13,Baseline_WRP100_UBF0
60.312325,62.3285875,64.0765,69.10375,73.8308,DS_Mag_50,22514960,observed,SUSTAIN_Junction_22,LA13,Baseline_WRP100_UBF100
54.01725,54.84185,57.82765,62.3292,64.86615,DS_Mag_50,22514960,observed,SUSTAIN_Junction_22,LA13,Baseline_WRP100_UBF50
24.20175,24.839625,26.26905,28.2727875,28.626975,DS_Mag_50,22514960,observed,SUSTAIN_Junction_22,LA13,Baseline_WRP50_UBF0
35.16095,37.0654375,38.85355,41.9202625,46.3785,DS_Mag_50,22514960,observed,SUSTAIN_Junction_22,LA13,Baseline_WRP50_UBF100
29.9817,30.9361875,32.089075,34.60715,37.4219,DS_Mag_50,22514960,observed,SUSTAIN_Junction_22,LA13,Baseline_WRP50_UBF50
-0.08653,0.005355,0.19893,0.274635,0.6965,Wet_BFL_Mag_10,22514960,observed,SUSTAIN_Junction_22,LA13,Baseline_WRP0_UBF0
9.20996,14.3881525,20.06667,23.4466775,30.16526,Wet_BFL_Mag_10,22514960,observed,SUSTAIN_Junction_22,LA13,Baseline_WRP0_UBF100
4.81959,7.8924425,11.591615,12.853175,16.08249,Wet_BFL_Mag_10,22514960,observed,SUSTAIN_Junction_22,LA13,Baseline_WRP0_UBF50
48.00135,51.135525,53.21011,54.64694,55.88342,Wet_BFL_Mag_10,22514960,observed,SUSTAIN_Junction_22,LA13,Baseline_WRP100_UBF0
59.186855,65.8532675,77.312455,79.3599375,82.31129,Wet_BFL_Mag_10,22514960,observed,SUSTAIN_Junction_22,LA13,Baseline_WRP100_UBF100
55.891955,61.38295,65.57781,68.1854,69.293415,Wet_BFL_Mag_10,22514960,observed,SUSTAIN_Junction_22,LA13,Baseline_WRP100_UBF50
24.26763,25.79947,27.16987,27.61507,28.06521,Wet_BFL_Mag_10,22514960,observed,SUSTAIN_Junction_22,LA13,Baseline_WRP50_UBF0
36.55638,43.0443275,49.531655,50.9365775,54.786505,Wet_BFL_Mag_10,22514960,observed,SUSTAIN_Junction_22,LA13,Baseline_WRP50_UBF100
31.23736,35.5258,39.560835,40.1297675,42.60138,Wet_BFL_Mag_10,22514960,observed,SUSTAIN_Junction_22,LA13,Baseline_WRP50_UBF50
0.12265,0.17025,0.2662,0.332225,0.4752,DS_Mag_50,22514960,observed,SUSTAIN_Junction_21,LA14,Baseline_WRP0_UBF0
9.737975,12.658025,13.4945,13.6917125,17.550425,DS_Mag_50,22514960,observed,SUSTAIN_Junction_21,LA14,Baseline_WRP0_UBF100
4.979025,6.559025,7.163975,7.281425,9.19795,DS_Mag_50,22514960,observed,SUSTAIN_Junction_21,LA14,Baseline_WRP0_UBF50
48.37335,49.736825,51.987,55.599625,56.743475,DS_Mag_50,22514960,observed,SUSTAIN_Junction_21,LA14,Baseline_WRP100_UBF0
58.804075,61.328,62.91565,69.1332,73.3093,DS_Mag_50,22514960,observed,SUSTAIN_Junction_21,LA14,Baseline_WRP100_UBF100
53.36745,54.36965,57.36785,61.9672625,64.422525,DS_Mag_50,22514960,observed,SUSTAIN_Junction_21,LA14,Baseline_WRP100_UBF50
24.391675,25.027275,26.4789,28.4980875,28.815,DS_Mag_50,22514960,observed,SUSTAIN_Junction_21,LA14,Baseline_WRP50_UBF0
33.40575,35.438625,37.4802,41.6229,45.7168,DS_Mag_50,22514960,observed,SUSTAIN_Junction_21,LA14,Baseline_WRP50_UBF100
29.08485,30.28375,33.24575,34.8822,36.775875,DS_Mag_50,22514960,observed,SUSTAIN_Junction_21,LA14,Baseline_WRP50_UBF50
0.006395,0.106,0.27607,0.38086,0.80471,Wet_BFL_Mag_10,22514960,observed,SUSTAIN_Junction_21,LA14,Baseline_WRP0_UBF0
7.948225,13.38684,17.93963,21.0718525,26.27156,Wet_BFL_Mag_10,22514960,observed,SUSTAIN_Junction_21,LA14,Baseline_WRP0_UBF100
4.16938,7.1799,10.31047,12.11732,14.34354,Wet_BFL_Mag_10,22514960,observed,SUSTAIN_Junction_21,LA14,Baseline_WRP0_UBF50
48.112635,51.242925,53.32384,54.7821425,56.016145,Wet_BFL_Mag_10,22514960,observed,SUSTAIN_Junction_21,LA14,Baseline_WRP100_UBF0
60.541485,67.94197,73.90092,76.9473725,79.114915,Wet_BFL_Mag_10,22514960,observed,SUSTAIN_Junction_21,LA14,Baseline_WRP100_UBF100
55.28465,60.7229575,64.374725,66.3748125,67.2174,Wet_BFL_Mag_10,22514960,observed,SUSTAIN_Junction_21,LA14,Baseline_WRP100_UBF50
24.36853,25.903585,27.30341,27.726885,28.17864,Wet_BFL_Mag_10,22514960,observed,SUSTAIN_Junction_21,LA14,Baseline_WRP50_UBF0
35.332265,41.99194,47.523735,48.87185,53.27776,Wet_BFL_Mag_10,22514960,observed,SUSTAIN_Junction_21,LA14,Baseline_WRP50_UBF100
30.57928,34.926125,38.692525,39.0251625,40.79688,Wet_BFL_Mag_10,22514960,observed,SUSTAIN_Junction_21,LA14,Baseline_WRP50_UBF50
3.07155,3.122625,3.184,3.261275,3.353175,DS_Mag_50,22518274,observed,SUSTAIN_Junction_32,LA2,Baseline_WRP0_UBF0
47.70475,56.0909875,60.691725,61.506125,76.22605,DS_Mag_50,22518274,observed,SUSTAIN_Junction_32,LA2,Baseline_WRP0_UBF100
25.5181,29.5698125,32.1192,32.4434125,39.8216,DS_Mag_50,22518274,observed,SUSTAIN_Junction_32,LA2,Baseline_WRP0_UBF50
63.8884,65.8933,69.6036,74.698475,77.182325,DS_Mag_50,22518274,observed,SUSTAIN_Junction_32,LA2,Baseline_WRP100_UBF0
117.99725,122.54115,124.404975,131.7319875,141.36465,DS_Mag_50,22518274,observed,SUSTAIN_Junction_32,LA2,Baseline_WRP100_UBF100
95.30105,96.360275,98.17445,103.8559625,105.400425,DS_Mag_50,22518274,observed,SUSTAIN_Junction_32,LA2,Baseline_WRP100_UBF50
33.54105,34.4441125,36.266425,38.915575,40.37015,DS_Mag_50,22518274,observed,SUSTAIN_Junction_32,LA2,Baseline_WRP50_UBF0
82.46995,88.991275,92.669625,96.60815,108.553975,DS_Mag_50,22518274,observed,SUSTAIN_Junction_32,LA2,Baseline_WRP50_UBF100
60.69045,62.6819375,63.61855,67.5727125,72.4761,DS_Mag_50,22518274,observed,SUSTAIN_Junction_32,LA2,Baseline_WRP50_UBF50
3.17593,3.2282025,3.3614,4.7194,6.129965,Wet_BFL_Mag_10,22518274,observed,SUSTAIN_Junction_32,LA2,Baseline_WRP0_UBF0
47.38589,52.7473775,59.722805,75.89717,81.866485,Wet_BFL_Mag_10,22518274,observed,SUSTAIN_Junction_32,LA2,Baseline_WRP0_UBF100
25.906315,28.97122,33.11327,40.70151,43.44447,Wet_BFL_Mag_10,22518274,observed,SUSTAIN_Junction_32,LA2,Baseline_WRP0_UBF50
67.451795,70.35186,75.903955,76.80113,78.93757,Wet_BFL_Mag_10,22518274,observed,SUSTAIN_Junction_32,LA2,Baseline_WRP100_UBF0
117.584475,120.999595,132.11782,151.910935,157.67299,Wet_BFL_Mag_10,22518274,observed,SUSTAIN_Junction_32,LA2,Baseline_WRP100_UBF100
93.550645,96.605075,104.616535,113.6396925,117.666145,Wet_BFL_Mag_10,22518274,observed,SUSTAIN_Junction_32,LA2,Baseline_WRP100_UBF50
35.491365,36.8759525,40.15587,41.01709,42.22793,Wet_BFL_Mag_10,22518274,observed,SUSTAIN_Junction_32,LA2,Baseline_WRP50_UBF0
84.225835,88.132045,96.18584,113.96733,119.5564,Wet_BFL_Mag_10,22518274,observed,SUSTAIN_Junction_32,LA2,Baseline_WRP50_UBF100
60.462465,62.95488,68.81073,77.416575,80.93752,Wet_BFL_Mag_10,22518274,observed,SUSTAIN_Junction_32,LA2,Baseline_WRP50_UBF50
0,0,0,0,0,DS_Mag_50,22514906,observed,SUSTAIN_Junction_1,LA20,Baseline_WRP0_UBF0
1.78435,2.6051625,4.35965,6.3998125,7.33615,DS_Mag_50,22514906,observed,SUSTAIN_Junction_1,LA20,Baseline_WRP0_UBF100
0.850175,1.313525,2.28175,3.2176125,3.659225,DS_Mag_50,22514906,observed,SUSTAIN_Junction_1,LA20,Baseline_WRP0_UBF50
0,0,0,0,0,DS_Mag_50,22514906,observed,SUSTAIN_Junction_1,LA20,Baseline_WRP100_UBF0
1.78435,2.6051625,4.35965,6.3998125,7.33615,DS_Mag_50,22514906,observed,SUSTAIN_Junction_1,LA20,Baseline_WRP100_UBF100
0.850175,1.313525,2.28175,3.2176125,3.659225,DS_Mag_50,22514906,observed,SUSTAIN_Junction_1,LA20,Baseline_WRP100_UBF50
0,0,0,0,0,DS_Mag_50,22514906,observed,SUSTAIN_Junction_1,LA20,Baseline_WRP50_UBF0
1.78435,2.6051625,4.35965,6.3998125,7.33615,DS_Mag_50,22514906,observed,SUSTAIN_Junction_1,LA20,Baseline_WRP50_UBF100
0.850175,1.313525,2.28175,3.2176125,3.659225,DS_Mag_50,22514906,observed,SUSTAIN_Junction_1,LA20,Baseline_WRP50_UBF50
0,0,0,0,0,Wet_BFL_Mag_10,22514906,observed,SUSTAIN_Junction_1,LA20,Baseline_WRP0_UBF0
0.694055,2.1331,5.83469,9.459825,10.61221,Wet_BFL_Mag_10,22514906,observed,SUSTAIN_Junction_1,LA20,Baseline_WRP0_UBF100
0.36991,1.1807375,3.1669,4.7940825,5.59773,Wet_BFL_Mag_10,22514906,observed,SUSTAIN_Junction_1,LA20,Baseline_WRP0_UBF50
0,0,0,0,0,Wet_BFL_Mag_10,22514906,observed,SUSTAIN_Junction_1,LA20,Baseline_WRP100_UBF0
0.694055,2.1331,5.83469,9.459825,10.61221,Wet_BFL_Mag_10,22514906,observed,SUSTAIN_Junction_1,LA20,Baseline_WRP100_UBF100
0.36991,1.1807375,3.1669,4.7940825,5.59773,Wet_BFL_Mag_10,22514906,observed,SUSTAIN_Junction_1,LA20,Baseline_WRP100_UBF50
0,0,0,0,0,Wet_BFL_Mag_10,22514906,observed,SUSTAIN_Junction_1,LA20,Baseline_WRP50_UBF0
0.694055,2.1331,5.83469,9.459825,10.61221,Wet_BFL_Mag_10,22514906,observed,SUSTAIN_Junction_1,LA20,Baseline_WRP50_UBF100
0.36991,1.1807375,3.1669,4.7940825,5.59773,Wet_BFL_Mag_10,22514906,observed,SUSTAIN_Junction_1,LA20,Baseline_WRP50_UBF50
0,0,0,0,0,DS_Mag_50,22515812,observed,SUSTAIN_Junction_19,LA20_2,Baseline_WRP0_UBF0
1.870175,2.8978625,5.0953,7.182975,8.09545,DS_Mag_50,22515812,observed,SUSTAIN_Junction_19,LA20_2,Baseline_WRP0_UBF100
0.969525,1.4860125,2.531225,4.03075,4.346025,DS_Mag_50,22515812,observed,SUSTAIN_Junction_19,LA20_2,Baseline_WRP0_UBF50
23.32215,24.04535,24.6221,25.7237375,26.519325,DS_Mag_50,22515812,observed,SUSTAIN_Junction_19,LA20_2,Baseline_WRP100_UBF0
25.456125,27.622275,29.3676,32.719125,34.44805,DS_Mag_50,22515812,observed,SUSTAIN_Junction_19,LA20_2,Baseline_WRP100_UBF100
24.620825,26.2556,27.38885,29.354525,30.44135,DS_Mag_50,22515812,observed,SUSTAIN_Junction_19,LA20_2,Baseline_WRP100_UBF50
11.6607,12.02215,12.31925,12.84405,13.24545,DS_Mag_50,22515812,observed,SUSTAIN_Junction_19,LA20_2,Baseline_WRP50_UBF0
13.499475,15.0547875,17.208525,20.043675,21.336475,DS_Mag_50,22515812,observed,SUSTAIN_Junction_19,LA20_2,Baseline_WRP50_UBF100
12.7334,13.815525,15.1443,16.589025,17.2397,DS_Mag_50,22515812,observed,SUSTAIN_Junction_19,LA20_2,Baseline_WRP50_UBF50
0,0,0,0,0,Wet_BFL_Mag_10,22515812,observed,SUSTAIN_Junction_19,LA20_2,Baseline_WRP0_UBF0
0.91527,2.709085,6.76345,10.511065,12.327965,Wet_BFL_Mag_10,22515812,observed,SUSTAIN_Junction_19,LA20_2,Baseline_WRP0_UBF100
0.55549,1.64494,3.84671,5.343615,6.20465,Wet_BFL_Mag_10,22515812,observed,SUSTAIN_Junction_19,LA20_2,Baseline_WRP0_UBF50
6.499955,14.14282,20.479435,23.13853,24.06429,Wet_BFL_Mag_10,22515812,observed,SUSTAIN_Junction_19,LA20_2,Baseline_WRP100_UBF0
19.15036,24.0979825,25.136675,31.809255,35.30711,Wet_BFL_Mag_10,22515812,observed,SUSTAIN_Junction_19,LA20_2,Baseline_WRP100_UBF100
12.97274,19.547085,23.86587,27.505095,29.15983,Wet_BFL_Mag_10,22515812,observed,SUSTAIN_Junction_19,LA20_2,Baseline_WRP100_UBF50
3.24996,7.3321675,10.761275,11.8741125,12.235375,Wet_BFL_Mag_10,22515812,observed,SUSTAIN_Junction_19,LA20_2,Baseline_WRP50_UBF0
12.77161,13.30614,15.49101,21.21462,23.852055,Wet_BFL_Mag_10,22515812,observed,SUSTAIN_Junction_19,LA20_2,Baseline_WRP50_UBF100
9.58257,12.07991,12.57805,15.90504,17.79486,Wet_BFL_Mag_10,22515812,observed,SUSTAIN_Junction_19,LA20_2,Baseline_WRP50_UBF50
3.07165,3.122625,3.184875,3.2474625,3.343675,DS_Mag_50,22518110,observed,SUSTAIN_Junction_30,LA3,Baseline_WRP0_UBF0
46.83805,55.6874375,59.74775,61.1039375,75.983375,DS_Mag_50,22518110,observed,SUSTAIN_Junction_30,LA3,Baseline_WRP0_UBF100
25.087425,29.4227,31.620725,32.161775,39.654575,DS_Mag_50,22518110,observed,SUSTAIN_Junction_30,LA3,Baseline_WRP0_UBF50
63.8884,65.879725,69.571075,74.948275,77.341625,DS_Mag_50,22518110,observed,SUSTAIN_Junction_30,LA3,Baseline_WRP100_UBF0
117.186925,122.51795,124.31445,130.2532375,140.261425,DS_Mag_50,22518110,observed,SUSTAIN_Junction_30,LA3,Baseline_WRP100_UBF100
95.25585,96.340425,96.940575,102.3666375,104.709325,DS_Mag_50,22518110,observed,SUSTAIN_Junction_30,LA3,Baseline_WRP100_UBF50
33.490775,34.44115,36.2605,39.07285,40.433825,DS_Mag_50,22518110,observed,SUSTAIN_Junction_30,LA3,Baseline_WRP50_UBF0
81.883875,88.91455,92.669625,95.057525,107.407875,DS_Mag_50,22518110,observed,SUSTAIN_Junction_30,LA3,Baseline_WRP50_UBF100
60.08665,62.5338875,63.61855,66.7893,71.88645,DS_Mag_50,22518110,observed,SUSTAIN_Junction_30,LA3,Baseline_WRP50_UBF50
3.17593,3.2255925,3.35618,4.718995,5.837245,Wet_BFL_Mag_10,22518110,observed,SUSTAIN_Junction_30,LA3,Baseline_WRP0_UBF0
47.03111,52.02291,58.50386,70.351165,77.37776,Wet_BFL_Mag_10,22518110,observed,SUSTAIN_Junction_30,LA3,Baseline_WRP0_UBF100
25.65716,28.6539175,32.37014,36.1876275,40.34846,Wet_BFL_Mag_10,22518110,observed,SUSTAIN_Junction_30,LA3,Baseline_WRP0_UBF50
67.40841,70.148105,75.65032,76.88097,78.78948,Wet_BFL_Mag_10,22518110,observed,SUSTAIN_Junction_30,LA3,Baseline_WRP100_UBF0
117.316065,120.2733575,131.470375,145.32444,152.88031,Wet_BFL_Mag_10,22518110,observed,SUSTAIN_Junction_30,LA3,Baseline_WRP100_UBF100
93.019795,95.4713975,104.08714,110.4872175,115.062125,Wet_BFL_Mag_10,22518110,observed,SUSTAIN_Junction_30,LA3,Baseline_WRP100_UBF50
35.314665,36.874265,40.152495,40.6514575,41.960375,Wet_BFL_Mag_10,22518110,observed,SUSTAIN_Junction_30,LA3,Baseline_WRP50_UBF0
83.5571,86.79793,94.85866,105.339805,113.54988,Wet_BFL_Mag_10,22518110,observed,SUSTAIN_Junction_30,LA3,Baseline_WRP50_UBF100
60.242665,62.3462425,68.31529,74.1221425,78.411835,Wet_BFL_Mag_10,22518110,observed,SUSTAIN_Junction_30,LA3,Baseline_WRP50_UBF50
3.0418,3.0795625,3.152525,3.18825,3.26425,DS_Mag_50,22515036,observed,SUSTAIN_Junction_26,LA8,Baseline_WRP0_UBF0
29.9965,30.7734875,31.032375,32.9227,37.98785,DS_Mag_50,22515036,observed,SUSTAIN_Junction_26,LA8,Baseline_WRP0_UBF100
16.58885,17.008375,17.63825,18.4037625,20.726675,DS_Mag_50,22515036,observed,SUSTAIN_Junction_26,LA8,Baseline_WRP0_UBF50
63.63415,65.770825,69.4768,74.80075,77.1732,DS_Mag_50,22515036,observed,SUSTAIN_Junction_26,LA8,Baseline_WRP100_UBF0
94.15975,97.857675,99.92065,101.771825,102.40015,DS_Mag_50,22515036,observed,SUSTAIN_Junction_26,LA8,Baseline_WRP100_UBF100
79.652725,81.243725,83.46115,87.5319,88.80355,DS_Mag_50,22515036,observed,SUSTAIN_Junction_26,LA8,Baseline_WRP100_UBF50
33.38365,34.3658125,36.222375,38.9198,40.2283,DS_Mag_50,22515036,observed,SUSTAIN_Junction_26,LA8,Baseline_WRP50_UBF0
62.265475,64.857325,65.79065,66.56385,69.028175,DS_Mag_50,22515036,observed,SUSTAIN_Junction_26,LA8,Baseline_WRP50_UBF100
48.515625,50.3518125,51.5903,52.7329,53.6984,DS_Mag_50,22515036,observed,SUSTAIN_Junction_26,LA8,Baseline_WRP50_UBF50
3.068045,3.11308,3.34027,3.654595,4.138895,Wet_BFL_Mag_10,22515036,observed,SUSTAIN_Junction_26,LA8,Baseline_WRP0_UBF0
25.539525,28.00978,35.076945,36.492005,45.300705,Wet_BFL_Mag_10,22515036,observed,SUSTAIN_Junction_26,LA8,Baseline_WRP0_UBF100
14.545395,15.8920825,19.768255,20.70547,25.24031,Wet_BFL_Mag_10,22515036,observed,SUSTAIN_Junction_26,LA8,Baseline_WRP0_UBF50
66.973585,69.75284,74.509765,76.70886,77.41311,Wet_BFL_Mag_10,22515036,observed,SUSTAIN_Junction_26,LA8,Baseline_WRP100_UBF0
92.48086,96.329235,105.826445,112.1951725,119.72165,Wet_BFL_Mag_10,22515036,observed,SUSTAIN_Junction_26,LA8,Baseline_WRP100_UBF100
80.01105,83.8878,90.492665,94.548205,99.766475,Wet_BFL_Mag_10,22515036,observed,SUSTAIN_Junction_26,LA8,Baseline_WRP100_UBF50
35.0006,36.707475,39.45858,40.082205,40.73831,Wet_BFL_Mag_10,22515036,observed,SUSTAIN_Junction_26,LA8,Baseline_WRP50_UBF0
59.69704,62.388545,70.78694,75.081275,81.129105,Wet_BFL_Mag_10,22515036,observed,SUSTAIN_Junction_26,LA8,Baseline_WRP50_UBF100
47.74425,50.0982225,55.221835,57.7103375,62.805365,Wet_BFL_Mag_10,22515036,observed,SUSTAIN_Junction_26,LA8,Baseline_WRP50_UBF50
